true_label,pred_label,confidence_score
6,6,0.82378656
9,9,0.9999999
1,1,0.99908614
2,2,0.52235925
7,7,0.5669408
0,0,0.99076617
0,0,0.9440404
9,9,0.9932842
5,5,0.9997663
2,2,0.9999987
1,1,0.50194997
7,7,0.78764105
5,5,0.9999478
1,1,0.9995515
9,9,0.9982147
0,0,0.5456242
2,2,0.9999888
0,0,0.9994758
6,6,0.95884544
2,2,0.99914587
7,7,0.92658913
2,2,0.7341786
3,3,0.9779429
9,9,0.9990231
9,9,0.99999607
9,9,0.9999535
7,7,0.724251
9,9,0.99990296
9,9,0.99999106
2,2,0.9999924
4,4,0.9618846
0,0,0.91501933
9,9,0.9999267
1,1,0.26571903
6,6,0.8937199
9,9,0.99998593
9,9,0.9998872
9,9,0.9995701
3,3,0.974433
9,9,0.9917481
7,7,0.526287
0,0,0.9704559
1,1,0.9954346
4,4,0.96753806
4,4,0.7772368
2,2,0.99996924
4,4,0.98408175
4,4,0.9815593
3,3,0.99964726
2,2,0.75277853
4,4,0.72394365
9,9,0.99980754
5,5,0.73425275
9,9,0.99972504
2,2,0.99999905
6,6,0.97587514
0,0,0.99794286
5,5,0.9999486
0,0,0.92283094
3,3,0.99953973
9,9,0.99999344
5,5,0.99974316
0,0,0.99728715
9,9,0.999982
7,7,0.99971133
9,9,0.9999956
9,9,0.9961876
3,3,0.96734446
5,5,0.99989414
5,5,0.99669445
7,7,0.9982383
5,5,0.9504404
7,7,0.9998741
9,9,0.99999714
3,3,0.9997737
5,5,0.99466866
6,6,0.73888195
5,5,0.9998147
1,1,0.995568
7,7,0.7995897
7,7,0.8899692
5,5,0.9999887
5,5,0.98961765
2,2,1.0
9,9,0.9999949
0,0,0.9998462
9,9,0.9999578
5,5,0.62532324
9,9,0.99998784
1,1,0.9994672
9,9,0.9999925
0,0,0.9745229
8,8,0.6894661
5,5,0.9994265
3,3,0.99999905
9,9,0.99996877
6,6,0.9673035
2,2,0.999998
4,4,0.9999987
0,0,0.99658644
9,9,0.99999464
9,9,0.9998808
2,2,0.9999919
5,5,0.9999851
3,3,0.99999726
3,3,0.99817944
0,0,0.74885434
3,3,0.92966676
5,5,0.99993145
3,3,0.93967265
9,9,0.99916923
9,9,0.99859744
4,4,0.9999751
4,4,0.9755223
8,8,0.9459672
2,2,0.99999833
9,9,0.99999964
7,7,0.9736075
5,5,0.9963013
0,0,0.97585833
9,9,0.99999714
9,9,0.9999932
5,5,0.9991216
9,9,0.99972063
7,7,0.9940858
7,7,0.9377273
6,6,0.9418643
4,4,0.99954563
3,3,1.0
5,5,0.52150226
6,6,0.99997854
7,7,0.9989465
9,9,0.9162309
7,7,0.65394735
7,7,0.7201652
3,3,0.9999255
7,7,0.9902722
5,5,0.766427
9,9,0.9999794
7,7,0.94068336
7,7,0.56584024
3,3,0.9996617
5,5,0.99923146
2,2,0.7282222
5,5,0.999964
9,9,0.99999833
4,4,0.999833
0,0,0.7659745
2,2,0.94781584
6,6,0.6850045
5,5,0.85830563
2,2,0.9999999
9,9,0.99998605
2,2,0.99999785
0,0,0.9997633
9,9,0.999624
0,0,0.9906743
2,2,1.0
3,3,0.9994778
9,9,0.98829275
7,7,0.99532026
0,0,0.9784703
6,6,0.52391815
9,9,0.99910504
2,2,0.99999976
9,9,0.996003
9,9,0.9999994
9,9,0.99999535
5,5,0.9328633
5,5,0.87925106
9,9,0.9998971
5,5,0.65142804
6,6,0.9827591
7,7,0.9155509
7,7,0.9415328
5,5,0.99998987
2,2,0.9999974
0,0,0.88724655
4,4,0.7644179
8,8,0.9777052
3,3,0.9371471
3,3,0.6879703
0,0,0.9997327
0,0,0.96182525
2,2,0.6827597
9,9,0.99999964
9,9,0.9993862
0,0,0.9988028
8,8,0.96614224
2,2,0.99999595
0,0,0.86328644
5,5,0.8707794
3,3,0.9995664
0,0,0.836871
7,7,0.9986059
2,2,0.8724666
9,9,0.9999927
6,6,0.7739556
9,9,0.99989104
5,5,0.9932104
5,5,0.79323894
9,9,0.9997719
7,7,0.9933235
4,4,0.99912435
4,4,0.81049633
3,3,0.9528134
2,2,0.9862337
0,0,0.9940666
5,5,0.99921644
0,0,0.99734503
9,9,0.9898144
5,5,0.99977154
2,2,0.9999999
5,5,0.7453469
2,2,0.86941195
6,6,0.99143815
5,5,0.99790895
9,9,0.9895465
9,9,0.9999999
5,5,0.9998654
3,3,0.783856
9,9,0.9999989
6,6,0.914131
4,4,0.9928255
0,0,0.99964535
9,9,0.9999802
5,5,0.5812943
7,7,0.9900905
3,3,0.9999894
7,7,0.89161015
3,3,0.99883765
0,0,0.6874306
7,7,0.63403237
9,9,0.99998105
0,0,0.9996177
7,7,0.9965211
3,3,0.9999764
7,7,0.9959026
2,2,0.9999999
6,6,0.99794465
8,8,0.99722207
2,2,0.9606533
0,0,0.9761263
7,7,0.96460295
9,9,0.98127836
9,9,0.9991737
0,0,0.99750286
0,0,0.99990714
6,6,0.8480453
9,9,0.99982375
2,2,0.999995
9,9,0.99999917
9,9,1.0
7,7,0.9642095
2,2,0.9999987
3,3,0.99662673
9,9,0.99999654
9,9,0.99999917
2,2,1.0
1,1,0.75553083
9,9,0.99999917
9,9,0.9999274
5,5,0.9152106
9,9,0.99999774
7,7,0.98773044
2,2,0.9999981
5,5,0.9994092
9,9,0.9999968
9,9,0.6990589
5,5,0.9958383
9,9,0.9999924
1,1,0.9900124
9,9,0.99999905
5,5,0.99996984
0,0,0.9334631
6,6,0.99475914
9,9,0.99988675
9,9,0.99999917
5,5,0.98827654
3,3,0.9905635
7,7,0.72252405
2,2,0.9248832
0,0,0.6045073
9,9,0.95178366
0,0,0.88695085
9,9,0.9999982
4,4,0.99983597
4,4,0.9928324
7,7,0.9987739
9,9,0.9999995
5,5,0.97074604
6,6,0.9985001
9,9,0.9992448
9,9,0.9992335
9,9,0.9999863
5,5,0.99733377
6,6,0.90222514
9,9,0.9999975
0,0,0.7959561
2,2,0.9999913
4,4,0.99234253
7,7,0.9606273
9,9,0.9999131
5,5,0.9999846
2,2,0.99843174
3,3,0.9747206
0,0,0.9793316
3,3,0.99991155
9,9,0.9998679
5,5,0.9997156
5,5,0.9999293
9,9,0.9999999
9,9,0.9996333
6,6,0.850897
9,9,0.99985087
5,5,0.9996681
9,9,0.9999199
6,6,0.87914544
5,5,0.99997056
9,9,0.99998903
9,9,0.9993525
6,6,0.61968154
2,2,1.0
7,7,0.9368873
3,3,0.9809863
9,9,0.99993265
2,2,0.9652164
2,2,0.99999976
0,0,0.9992335
5,5,0.9941398
9,9,0.99997354
7,7,0.9298374
9,9,0.6426994
9,9,0.99664754
9,9,0.9999802
9,9,0.99998224
9,9,0.99999976
0,0,0.9966486
5,5,0.99998224
9,9,0.9999944
2,2,0.99998903
7,7,0.8698821
2,2,0.9985587
5,5,0.5153405
4,4,0.9955713
2,2,0.9999684
6,6,0.9946498
7,7,0.8796692
9,9,0.99995494
4,4,0.6130697
3,3,0.99853194
7,7,0.9999583
9,9,0.9999447
6,6,0.99820924
2,2,1.0
2,2,0.99999654
0,0,0.9187081
7,7,0.99810433
9,9,0.99664944
9,9,0.99990773
3,3,0.99960583
9,9,0.99999976
7,7,0.91957647
9,9,0.99994504
0,0,0.9136428
8,8,0.9996983
9,9,0.99770254
2,2,0.9999995
3,3,0.9214339
5,5,0.72089773
5,5,0.9998634
3,3,0.9993436
9,9,0.9999969
1,1,0.5102994
7,7,0.99833566
2,2,0.9999598
1,1,0.901518
3,3,0.99966717
9,9,0.99989355
2,2,0.99999964
9,9,0.99999976
2,2,0.9999988
9,9,0.99999905
4,4,0.99939394
7,7,0.6368715
4,4,0.48533413
3,3,0.990229
2,2,0.9999956
9,9,0.9999938
9,9,0.99998975
5,5,0.9892396
6,6,0.9781235
7,7,0.9984913
9,9,0.99999917
3,3,0.99936336
3,3,0.8731917
3,3,0.5369955
9,9,0.6182513
6,6,0.98246586
9,9,0.9998312
3,3,0.8390004
6,6,0.59165007
9,9,0.99993134
9,9,0.9998604
7,7,0.87643945
9,9,0.9999913
5,5,0.9949639
1,1,0.6758451
0,0,0.9372511
7,7,0.9974884
4,4,0.7891273
9,9,0.99995327
0,0,0.96637964
9,9,0.92984855
0,0,0.8840745
9,9,0.99999094
9,9,0.99999356
0,0,0.9884078
4,4,0.9910568
0,0,0.3959122
7,7,0.4749128
1,1,0.66158926
9,9,0.9999995
0,0,0.778253
3,3,0.5552534
2,2,0.9632604
4,4,0.41423446
4,4,0.83625764
9,9,0.9998683
6,6,0.8237763
2,2,1.0
5,5,0.9966968
9,9,0.99211276
9,9,0.99988234
0,0,0.8504986
6,6,0.5925876
7,7,0.561431
9,9,0.9999995
1,1,0.9739493
7,7,0.608983
5,5,0.5815124
9,9,0.9964413
9,9,0.9977794
9,9,0.9999974
3,3,0.96565855
3,3,0.9994904
5,5,0.95880103
9,9,0.9999201
7,7,0.9968803
9,9,0.99885416
9,9,0.9992489
9,9,0.99944264
0,0,0.9553582
0,0,0.97678363
2,2,0.9999027
0,0,0.9247307
0,0,0.89042366
2,2,0.99999106
0,0,0.9994955
7,7,0.999684
1,1,0.9896353
0,0,0.96614563
9,9,0.9999938
9,9,0.99989927
9,9,0.9997272
0,0,0.9958125
4,4,0.96806604
9,9,0.9999981
9,9,0.9999974
9,9,0.9998549
7,7,0.93607205
4,4,0.9960426
9,9,0.99999905
2,2,0.99999976
3,3,0.9956197
2,2,0.69353044
6,6,0.78192335
3,3,0.9157196
5,5,0.99999
4,4,0.9999807
9,9,0.9999931
4,4,0.9335771
7,7,0.95844656
0,0,0.9977723
9,9,0.9981206
5,5,0.9999906
1,1,0.8819768
5,5,0.9999932
9,9,0.9986053
0,0,0.9953955
4,4,0.8676563
3,3,0.81509477
0,0,0.8421723
0,0,0.98651683
9,9,0.99997663
1,1,0.69972163
2,2,1.0
7,7,0.9978364
7,7,0.98114246
2,2,0.99995816
7,7,0.97835183
7,7,0.99875987
7,7,0.9995084
9,9,0.9995396
6,6,0.7328405
2,2,0.9999788
3,3,0.9993981
7,7,0.71671665
5,5,0.87132424
8,8,0.7566536
7,7,0.4697928
3,3,0.9999658
6,6,0.8276676
9,9,0.9998411
9,9,0.9769323
2,2,0.9999982
3,3,0.8493567
6,6,0.7569152
1,1,0.9993036
3,3,0.9659443
1,1,0.9997931
3,3,0.99055606
0,0,0.93841785
6,6,0.8713996
9,9,0.99999964
9,9,0.99998593
6,6,0.9938059
9,9,0.9999994
0,0,0.97581965
3,3,0.8374996
6,6,0.90540373
4,4,0.9999542
4,4,0.99920374
0,0,0.99978286
7,7,0.9957184
0,0,0.9973526
2,2,0.99999917
2,2,0.999995
2,2,1.0
7,7,0.91655767
9,9,0.99999905
2,2,0.98563635
9,9,0.98793435
0,0,0.9902801
9,9,0.99987984
0,0,0.743987
5,5,0.99957556
5,5,0.99994683
5,5,0.9999901
6,6,0.9964682
6,6,0.99854136
9,9,0.99997604
9,9,0.9999726
4,4,0.9999995
5,5,0.9999908
9,9,0.9991048
9,9,0.9999975
3,3,0.8710043
9,9,0.99532866
8,8,0.7260189
3,3,0.98093385
1,1,0.7933139
9,9,0.9999988
3,3,0.9849069
0,0,0.9834916
9,9,0.99997795
3,3,0.98118526
0,0,0.74993205
4,4,0.9940849
3,3,0.99979573
8,8,0.932051
9,9,0.99996936
2,2,0.99941754
6,6,0.96536314
1,1,0.99852705
6,6,0.88857824
0,0,0.95334625
0,0,0.99864537
9,9,0.9999926
9,9,0.9916009
0,0,0.97780627
4,4,0.95857
9,9,0.9892413
5,5,0.5331862
9,9,0.99938107
3,3,0.9074908
1,1,0.9946747
5,5,0.66553104
0,0,0.6355791
9,9,0.99999547
5,5,0.99954695
3,3,0.99989974
8,8,0.97851163
3,3,0.9988206
9,9,0.9634083
0,0,0.9927362
4,4,0.99504244
3,3,0.96642035
7,7,0.9985251
0,0,0.9969104
9,9,0.99999857
9,9,0.99999785
0,0,0.96795505
2,2,0.93358564
0,0,0.59021276
9,9,0.99977046
5,5,0.99999964
9,9,0.99995184
4,4,0.999326
0,0,0.94041544
9,9,0.9999943
6,6,0.98887306
9,9,0.99999666
9,9,0.9998778
2,2,0.99994457
0,0,0.99753356
0,0,0.98569775
9,9,0.99729663
9,9,0.99999213
7,7,0.9995453
4,4,0.897276
9,9,0.9999988
5,5,0.49913377
7,7,0.99125427
6,6,0.92540044
1,1,0.88517153
7,7,0.9407846
5,5,0.5097001
5,5,0.99959975
0,0,0.99716765
2,2,0.9999987
3,3,0.99993396
2,2,0.55707103
5,5,0.9878683
1,1,0.99508035
9,9,0.9999243
0,0,0.9953053
9,9,1.0
9,9,0.9562389
9,9,0.9999964
6,6,0.9693467
7,7,0.99966407
0,0,0.992084
9,9,0.99981457
7,7,0.98152024
9,9,0.9999907
3,3,0.99999833
2,2,0.99999774
9,9,0.87849855
2,2,0.9999999
9,9,0.999567
3,3,0.99040574
6,6,0.9458312
9,9,0.9999994
2,2,0.99317896
0,0,0.9621487
9,9,0.999998
2,2,0.9955016
5,5,0.9999356
6,6,0.89297426
9,9,0.9999982
5,5,0.71529096
6,6,0.9954704
5,5,0.9838124
4,4,0.9523104
0,0,0.99121255
9,9,0.9999988
9,9,0.98831195
9,9,0.90371996
5,5,0.6155109
5,5,0.99999475
2,2,0.9999033
9,9,0.9999778
3,3,0.7350736
9,9,0.99998534
0,0,0.99882907
6,6,0.9773628
9,9,0.9997913
2,2,1.0
5,5,0.97734797
7,7,0.996549
9,9,0.99989283
6,6,0.9914272
9,9,0.99995875
9,9,0.9993305
5,5,0.9999949
5,5,0.7454119
5,5,0.96093476
9,9,0.999964
9,9,0.9987478
9,9,0.998063
9,9,0.7872202
7,7,0.99593866
2,2,0.99999833
8,8,0.996415
9,9,0.99999833
4,4,0.8476112
0,0,0.9931179
9,9,0.99998283
9,9,0.9999753
9,9,0.99774015
9,9,0.9999925
9,9,0.99999785
5,5,0.9985337
2,2,0.9999999
7,7,0.94965637
3,3,0.99988806
2,2,1.0
3,3,0.97877455
7,7,0.9900603
7,7,0.94403964
3,3,0.99994886
3,3,0.9999021
2,2,0.98430693
9,9,0.99999714
0,0,0.99996567
2,2,1.0
1,1,0.9929548
9,9,0.982906
5,5,0.99948055
7,7,0.99984276
9,9,0.9994894
2,2,0.9989604
4,4,0.80330986
9,9,0.9963521
5,5,0.9998702
5,5,0.9979924
3,3,0.9633005
7,7,0.9958306
9,9,0.9999114
9,9,0.99999547
2,2,0.9913201
3,3,0.86204827
9,9,0.9995054
9,9,0.9870832
9,9,0.9999999
9,9,0.9999989
9,9,0.99433595
4,4,0.9968675
2,2,0.99999905
7,7,0.9963648
4,4,0.999894
1,1,0.9781025
9,9,0.9996648
2,2,0.9999794
9,9,0.99998605
6,6,0.94068635
5,5,0.8351474
9,9,0.99999774
2,2,0.99999976
0,0,0.9991714
9,9,0.99987197
2,2,0.8609761
9,9,0.9999324
0,0,0.98223317
6,6,0.6802613
9,9,0.9999999
3,3,0.99194664
5,5,0.9452108
2,2,1.0
3,3,0.9979595
8,8,0.6224692
0,0,0.990149
3,3,0.99658895
0,0,0.5857427
9,9,0.99977964
3,3,0.9995943
3,3,0.9999969
3,3,0.99999917
5,5,0.9927603
1,1,0.84943646
9,9,0.9975089
4,4,0.9999207
9,9,0.99992967
0,0,0.9999106
0,0,0.99854654
9,9,0.998531
4,4,0.99014246
6,6,0.9536309
7,7,0.9815134
0,0,0.9668716
7,7,0.9995727
9,9,0.99999785
9,9,0.99028206
9,9,0.9966629
9,9,0.9999995
9,9,0.99985504
0,0,0.9979961
8,8,0.9812893
5,5,0.9999361
1,1,0.99965763
6,6,0.9905969
6,6,0.87559134
5,5,0.99734265
9,9,0.99972075
7,7,0.98682624
6,6,0.9956857
9,9,0.99996936
0,0,0.98557067
0,0,0.7375085
9,9,0.99982387
7,7,0.9076426
2,2,1.0
9,9,0.3174267
9,9,0.99998534
9,9,0.99983597
9,9,0.9999831
9,9,0.99999714
0,0,0.99650574
5,5,0.5184072
0,0,0.9859556
2,2,0.99999
6,6,0.82915133
5,5,0.71962065
3,3,0.9999696
2,2,0.6756422
3,3,0.9999639
3,3,0.9999627
5,5,0.997186
9,9,0.9996828
0,0,0.9981693
6,6,0.6730183
7,7,0.57464194
9,9,0.99954873
7,7,0.9975332
9,9,0.99999964
9,9,0.999992
9,9,0.9999989
7,7,0.9638639
9,9,0.9999765
6,6,0.9993723
9,9,0.9999261
1,1,0.7482508
2,2,0.98738456
6,6,0.9995592
9,9,0.999778
2,2,0.9998752
9,9,0.9999739
9,9,0.9999974
7,7,0.9734817
5,5,0.99359655
5,5,0.99987316
0,0,0.9750661
5,5,0.998887
6,6,0.9984647
3,3,0.9992182
2,2,0.99999607
9,9,0.9998864
7,7,0.99010485
7,7,0.9962651
3,3,0.9993525
3,3,0.6811187
3,3,0.8761719
4,4,0.99993205
3,3,0.99981624
9,9,0.9999999
9,9,0.9999969
0,0,0.9992306
0,0,0.9641697
9,9,0.99999976
3,3,0.9826454
3,3,0.9955434
9,9,0.993359
3,3,0.9999528
2,2,0.9999993
9,9,0.99990773
9,9,0.99970347
9,9,0.9999912
5,5,0.99999905
5,5,0.8946293
5,5,0.9954202
0,0,0.97265935
3,3,0.947471
3,3,0.95045906
0,0,0.94904286
7,7,0.99964213
4,4,0.9965497
2,2,0.99999
6,6,0.84605205
9,9,0.9999988
2,2,0.99993503
9,9,0.999783
9,9,0.9967057
5,5,0.9985599
6,6,0.8169003
9,9,0.99999845
2,2,0.932196
1,1,0.87115407
5,5,0.9999238
5,5,0.99900764
3,3,0.9993432
9,9,0.99967325
9,9,0.9999647
4,4,0.9999
4,4,0.99079925
5,5,0.575285
4,4,0.70737064
2,2,0.9978904
9,9,0.9993063
0,0,0.8316729
8,8,0.9923131
7,7,0.7300649
2,2,0.7115159
9,9,0.9983424
4,4,0.9999976
5,5,0.99760604
2,2,0.9999999
9,9,0.99996173
9,9,0.9999765
3,3,0.7902165
2,2,0.4190725
6,6,0.9966292
2,2,0.99496114
1,1,0.5306234
0,0,0.8634745
9,9,0.9998615
5,5,0.9949226
0,0,0.99618345
3,3,0.91733354
9,9,0.9999676
9,9,0.9539939
4,4,0.86630946
9,9,0.9999862
0,0,0.96632195
5,5,0.999861
9,9,0.9999484
9,9,0.9998435
2,2,0.5882485
5,5,0.9938294
9,9,0.99990475
5,5,0.99988616
3,3,0.7366796
9,9,0.9999621
3,3,0.9995976
9,9,0.99965906
7,7,0.9941711
9,9,0.99873096
9,9,0.99997616
5,5,0.9997347
9,9,0.96996653
9,9,0.93769896
6,6,0.8154724
1,1,0.9786397
9,9,0.99999833
6,6,0.99997985
9,9,0.99999905
7,7,0.996461
7,7,0.9394121
9,9,0.9996766
0,0,0.9998301
1,1,0.98272866
0,0,0.9900815
8,8,0.7504243
9,9,0.999941
1,1,0.99961215
7,7,0.8075044
5,5,0.9996828
2,2,0.99999976
5,5,0.9993253
5,5,0.99990654
5,5,0.9973701
4,4,0.3501848
7,7,0.9993794
9,9,0.99999666
9,9,0.99999595
9,9,0.99993134
5,5,0.9918105
2,2,1.0
9,9,0.99955624
0,0,0.93479633
6,6,0.92236227
2,2,0.99963593
3,3,0.9983972
5,5,0.9997011
0,0,0.99923444
9,9,0.9999435
5,5,0.9180282
3,3,0.999985
9,9,0.99953616
9,9,0.99998355
2,2,1.0
9,9,0.99999475
0,0,0.99349445
9,9,0.9998274
6,6,0.7169338
6,6,0.71005476
9,9,0.99999917
3,3,0.98533255
1,1,0.859933
0,0,0.88634855
0,0,0.99428743
5,5,0.99999654
7,7,0.99900633
9,9,0.99999475
9,9,0.99999607
4,4,0.99996805
9,9,1.0
4,4,0.99995124
2,2,0.999997
2,2,0.99999976
5,5,0.99984944
3,3,0.9821181
3,3,0.6581689
0,0,0.95298344
3,3,0.9817675
9,9,0.99999917
5,5,0.9999372
4,4,0.99984
4,4,0.9039466
9,9,0.99978715
0,0,0.9331123
9,9,0.9939044
9,9,0.99999297
5,5,0.99999785
7,7,0.9987649
0,0,0.9658816
9,9,0.999998
5,5,0.94353855
0,0,0.95960414
9,9,0.9999993
9,9,0.999995
0,0,0.97534174
6,6,0.9140584
0,0,0.9998907
2,2,0.9875617
0,0,0.9965694
3,3,0.61327934
3,3,0.99985445
9,9,0.9893896
9,9,0.99999464
3,3,0.9998635
9,9,0.9999944
2,2,0.9997733
1,1,0.99636406
6,6,0.93831086
9,9,0.9981932
0,0,0.99175113
6,6,0.8411809
7,7,0.99857473
2,2,0.68262637
5,5,0.912153
3,3,0.9999846
2,2,0.99996114
1,1,0.99796695
3,3,0.9528345
0,0,0.81895065
2,2,1.0
7,7,0.92245
2,2,0.99999857
7,7,0.98890173
2,2,0.9998627
0,0,0.9167961
2,2,0.80040324
9,9,0.99913436
6,6,0.75604165
1,1,0.4914923
9,9,0.9999068
9,9,0.99605775
4,4,0.94678044
3,3,0.9991105
3,3,0.9836047
5,5,0.97908944
9,9,0.9965732
5,5,0.99987674
5,5,0.99921536
7,7,0.9999585
7,7,0.9100848
6,6,0.98941326
9,9,0.99995697
7,7,0.9967728
7,7,0.9305964
1,1,0.8376078
9,9,0.9999752
7,7,0.9984301
9,9,0.9999993
0,0,0.9172151
0,0,0.8585808
4,4,0.9513073
2,2,0.9999615
6,6,0.9968822
7,7,0.5275863
3,3,0.9762976
7,7,0.99892384
6,6,0.9621101
8,8,0.9952756
9,9,0.9999839
9,9,0.9999982
3,3,0.9332475
3,3,0.9912838
7,7,0.96916664
0,0,0.9998447
6,6,0.6975061
5,5,0.99854076
4,4,0.87031406
6,6,0.8648942
4,4,0.97631603
1,1,0.49267778
9,9,0.9993401
0,0,0.99983597
6,6,0.9488444
0,0,0.99954057
9,9,0.99998975
3,3,0.9999945
7,7,0.5668077
9,9,0.9999467
5,5,0.58638996
9,9,0.9999994
5,5,0.9972548
9,9,0.9999924
3,3,0.9999821
3,3,0.9969171
5,5,0.9999987
6,6,0.8509691
0,0,0.95606947
9,9,0.9999982
9,9,0.99847
3,3,0.99996805
3,3,0.99950194
3,3,0.9999801
9,9,0.99996495
9,9,0.99999475
5,5,0.9975473
9,9,0.9997526
6,6,0.89390975
9,9,0.9999777
2,2,0.9999081
9,9,0.9995173
3,3,0.9686242
9,9,0.99998987
2,2,0.9999076
3,3,0.9988451
5,5,0.9785403
9,9,0.9999964
7,7,0.80695546
0,0,0.9975914
7,7,0.940285
9,9,0.9999993
0,0,0.6753557
3,3,0.99983263
1,1,0.9991339
7,7,0.954958
9,9,0.99978286
3,3,0.99999964
4,4,0.9999989
0,0,0.8854933
3,3,0.9552263
7,7,0.9728737
3,3,0.99743587
1,1,0.93261564
0,0,0.9999548
2,2,0.9993949
9,9,0.99999774
3,3,0.8884724
7,7,0.8721576
9,9,0.99999845
4,4,0.93483716
9,9,0.9999248
7,7,0.989682
2,2,0.9999969
6,6,0.99905866
9,9,0.9999906
3,3,0.9999063
9,9,0.9999827
5,5,0.99883765
9,9,0.99999857
0,0,0.7452394
8,8,0.79252344
9,9,0.99979776
6,6,0.9918114
9,9,0.99792093
2,2,0.99999714
9,9,0.9999671
9,9,0.999979
8,8,0.91303724
9,9,0.99998486
0,0,0.99999285
9,9,0.9999989
9,9,0.9999528
9,9,0.9964678
0,0,0.9909175
3,3,0.9999714
0,0,0.99487793
9,9,0.9999974
5,5,0.999979
9,9,0.9996145
0,0,0.73634714
2,2,0.9998286
9,9,0.9999471
5,5,0.7704783
5,5,0.99993813
9,9,0.9999982
3,3,0.9999877
7,7,0.97803193
9,9,0.97767854
5,5,0.98574907
9,9,0.9999987
5,5,0.99919385
2,2,0.999984
9,9,0.9999896
9,9,0.9993187
9,9,0.99998605
7,7,0.3253769
7,7,0.806188
3,3,0.9926191
5,5,0.9993044
0,0,0.95664275
5,5,0.94887024
2,2,0.9981232
0,0,0.9968166
5,5,0.91048044
6,6,0.98591566
5,5,0.999969
1,1,0.95543844
0,0,0.667689
2,2,0.99996793
9,9,0.9999825
0,0,0.93160653
1,1,0.9386004
4,4,0.8601024
2,2,0.90183914
3,3,0.98310053
9,9,0.9999999
3,3,0.9905364
9,9,0.99885476
4,4,0.5663033
6,6,0.6930306
9,9,0.99991024
6,6,0.56088287
2,2,0.999889
9,9,0.99997616
9,9,0.4339149
9,9,0.9999963
9,9,0.9977463
3,3,0.9394028
7,7,0.9998202
9,9,0.9999641
2,2,1.0
2,2,0.9999975
3,3,0.98617154
7,7,0.9983929
1,1,0.99964714
9,9,0.99998486
9,9,0.99999857
7,7,0.76335144
3,3,0.31440648
9,9,0.9999949
5,5,0.99999654
5,5,0.9993988
4,4,0.9522556
2,2,0.99992716
7,7,0.99964345
4,4,0.99980885
5,5,0.6902099
3,3,0.99997604
3,3,0.99482155
9,9,0.9995401
9,9,0.9999808
0,0,0.8926479
0,0,0.9999976
5,5,0.9999951
0,0,0.9957553
6,6,0.9974081
1,1,0.92141294
3,3,0.4568432
9,9,0.9992962
6,6,0.7579238
9,9,0.9999682
2,2,0.99918836
2,2,0.9999993
9,9,0.99941325
8,8,0.51539934
9,9,0.9997167
3,3,0.90652883
3,3,0.69840926
0,0,0.99371874
2,2,0.99982136
5,5,0.9993456
6,6,0.61298114
7,7,0.7400216
5,5,0.9999368
4,4,0.99980074
2,2,0.99996054
6,6,0.9478829
5,5,0.9938791
6,6,0.6303454
9,9,0.99881315
4,4,0.9995983
1,1,0.9981996
5,5,0.61522233
5,5,0.9996718
3,3,0.98109657
2,2,0.9999975
5,5,0.9999918
6,6,0.815789
2,2,0.99993217
3,3,0.560785
6,6,0.99536705
1,1,0.65713084
3,3,0.9999362
2,2,0.9998634
3,3,0.59117067
9,9,1.0
9,9,0.99991655
3,3,0.99999785
9,9,0.9999962
5,5,0.9999989
9,9,0.99967456
9,9,0.9998172
8,8,0.9954847
9,9,0.99997556
5,5,0.8155354
4,4,0.9885747
3,3,0.9923441
9,9,0.9999778
7,7,0.6584369
0,0,0.976193
9,9,0.99969995
1,1,0.39906704
8,8,0.99732685
6,6,0.9929517
9,9,0.9999981
5,5,0.997322
9,9,0.9999989
9,9,0.99993277
7,7,0.8752774
7,7,0.95217514
9,9,0.99872714
0,0,0.9797595
4,4,0.9976108
2,2,0.99999607
0,0,0.92750466
9,9,0.99996066
6,6,0.97742414
2,2,1.0
6,6,0.98169726
1,1,0.99988747
3,3,0.7681878
9,9,0.9998766
2,2,1.0
9,9,0.99999845
0,0,0.99964786
6,6,0.9881692
3,3,0.99139905
6,6,0.99770665
7,7,0.5329329
1,1,0.9840379
3,3,0.5939215
3,3,0.97760063
7,7,0.98493457
0,0,0.93076956
9,9,0.99994826
9,9,0.9999994
2,2,0.99994946
7,7,0.99993324
7,7,0.53086835
5,5,0.99998903
6,6,0.9560496
6,6,0.9956455
9,9,0.9944542
5,5,0.6127528
3,3,0.99996793
9,9,0.9999949
9,9,0.9999995
3,3,0.9704516
5,5,0.5049265
2,2,0.99992585
9,9,0.99999964
9,9,0.9999845
9,9,0.9999777
9,9,0.9999927
6,6,0.9958229
9,9,0.99959856
1,1,0.9910314
9,9,0.7938852
9,9,0.99997556
9,9,0.9999895
9,9,0.99992704
6,6,0.9999852
5,5,0.6764287
5,5,0.99796546
9,9,0.9999671
0,0,0.9940832
4,4,0.99952507
5,5,0.7107251
7,7,0.82779974
0,0,0.66062325
9,9,0.99999
2,2,0.9997117
0,0,0.87190956
2,2,0.68067825
6,6,0.9834089
5,5,0.9999194
5,5,0.999741
5,5,0.9999914
3,3,0.9999994
9,9,0.99991786
0,0,0.65890664
3,3,0.93669087
3,3,0.76902246
3,3,0.6991526
9,9,0.9999211
7,7,0.9082151
5,5,0.9999658
9,9,0.99990475
0,0,0.5121996
9,9,0.9989512
5,5,0.97327524
9,9,0.9989693
3,3,0.99991393
0,0,0.99847835
9,9,0.9987041
9,9,0.99998
0,0,0.9834336
2,2,0.99999917
7,7,0.99733514
9,9,0.9804293
9,9,0.99991286
2,2,1.0
9,9,0.62040204
9,9,0.9989489
9,9,0.9999285
3,3,0.9982451
9,9,0.9260457
5,5,0.99984026
0,0,0.9714803
9,9,0.9996867
4,4,0.99235004
7,7,0.9996722
7,7,0.9975684
2,2,1.0
5,5,0.8674538
3,3,0.9999937
9,9,0.6189161
0,0,0.9775258
9,9,0.99997056
7,7,0.99989045
9,9,0.999131
7,7,0.52707416
9,9,0.9999988
3,3,0.9663023
3,3,0.99987125
3,3,0.9999975
9,9,0.9992162
9,9,0.9999889
2,2,0.99996424
3,3,0.99999917
2,2,0.99999976
8,8,0.9918583
9,9,0.9913085
7,7,0.95002943
2,2,0.99994457
5,5,0.99959904
9,9,0.99611485
2,2,0.49662453
6,6,0.7181009
9,9,0.9999931
5,5,0.99836594
2,2,0.9894744
9,9,0.99910825
9,9,0.9999907
9,9,0.9999918
7,7,0.999688
7,7,0.7989457
9,9,0.99998665
9,9,0.9999987
4,4,0.7189375
3,3,0.7024376
9,9,0.99999785
0,0,0.9901266
5,5,0.9921153
0,0,0.9877973
7,7,0.9999356
0,0,0.60644704
5,5,0.9959448
3,3,0.99998915
0,0,0.9980294
5,5,0.9903847
9,9,0.9998641
9,9,0.9999496
2,2,0.99985576
9,9,0.9999976
5,5,0.5043894
7,7,0.7252408
8,8,0.8641271
0,0,0.7373701
9,9,0.9999554
7,7,0.9979467
9,9,0.99999976
6,6,0.80841845
0,0,0.9487525
6,6,0.99819714
2,2,0.99959975
2,2,0.9999969
0,0,0.9997093
2,2,0.9999939
9,9,0.76818085
7,7,0.99975735
5,5,0.99797755
6,6,0.86796737
5,5,0.9999893
4,4,0.99914324
0,0,0.7973915
6,6,0.95806456
9,9,0.9999999
5,5,0.99845266
9,9,0.99999654
2,2,0.9999994
7,7,0.9995913
9,9,0.9999962
5,5,0.9769449
9,9,0.99950504
7,7,0.93687874
6,6,0.9985813
9,9,0.9999994
2,2,0.9999019
9,9,0.9998448
9,9,0.99836
4,4,0.7167877
4,4,0.9976046
1,1,0.99882895
0,0,0.9829868
9,9,0.99999833
5,5,0.8158353
9,9,0.9999716
6,6,0.5112075
4,4,0.6465301
9,9,0.9996141
1,1,0.9372605
0,0,0.9870451
9,9,0.9948999
7,7,0.56577003
5,5,1.0
6,6,0.48882553
5,5,0.9996126
2,2,0.9999993
3,3,0.9997707
9,9,0.9999764
9,9,0.9999981
5,5,0.9999963
6,6,0.5441853
0,0,0.99850863
0,0,0.77550167
7,7,0.9997826
5,5,0.7154281
2,2,0.9999708
7,7,0.43274686
7,7,0.4878123
3,3,0.99998116
2,2,0.9999887
3,3,0.9239215
9,9,0.9999999
0,0,0.99879277
2,2,1.0
0,0,0.54205096
9,9,0.9999783
0,0,0.99986863
5,5,0.99999297
0,0,0.94316226
3,3,0.99969804
9,9,0.9999975
7,7,0.98163533
3,3,0.9757262
9,9,0.99999404
4,4,0.9999504
9,9,0.9998149
6,6,0.9995245
9,9,0.99998033
9,9,0.999967
9,9,0.9999324
7,7,0.9813409
2,2,0.7984606
7,7,0.81319094
6,6,0.92215997
9,9,0.98824304
1,1,0.52943474
7,7,0.8266496
7,7,0.99059266
2,2,0.9983033
9,9,0.9089745
3,3,0.9090457
2,2,0.99987984
7,7,0.9864834
5,5,0.77710015
0,0,0.99606824
5,5,0.99942183
1,1,0.8201383
7,7,0.99902797
2,2,1.0
9,9,0.9999994
7,7,0.76270777
0,0,0.95973843
9,9,0.99998987
7,7,0.9999089
9,9,0.9999716
7,7,0.9887538
3,3,0.66012084
7,7,0.99137735
8,8,0.98764324
5,5,0.99992156
6,6,0.9921044
5,5,0.9999802
3,3,0.996908
6,6,0.7562249
9,9,0.9999809
2,2,0.9999974
5,5,0.8996994
9,9,0.99982494
3,3,0.69633436
2,2,0.8857993
5,5,0.99997973
9,9,0.99990237
6,6,0.9123816
9,9,0.9994282
2,2,0.8056579
2,2,0.9999852
5,5,0.9996716
9,9,0.9599507
9,9,0.99997747
9,9,1.0
9,9,0.99981886
3,3,0.98791355
5,5,0.9991935
9,9,0.99998605
9,9,0.9999348
0,0,0.999754
3,3,0.9754244
5,5,0.9984193
3,3,0.9991373
9,9,0.99999964
6,6,0.59247684
3,3,0.40350968
9,9,0.9999999
7,7,0.96390736
9,9,0.99999523
5,5,0.9999895
7,7,0.99030066
9,9,0.99999833
5,5,0.9999776
6,6,0.9976755
2,2,0.9238742
6,6,0.70641977
9,9,0.9999993
3,3,0.9129029
3,3,0.9974185
1,1,0.8580309
3,3,0.6552625
6,6,0.99630946
4,4,0.9294078
9,9,0.9998369
5,5,0.9908942
5,5,0.9999982
9,9,0.9943743
1,1,0.937739
9,9,0.99999976
9,9,0.9999589
4,4,0.5162982
6,6,0.97628015
9,9,0.6953123
7,7,0.99973756
9,9,0.9999485
6,6,0.9953406
9,9,0.9999974
0,0,0.99755585
5,5,0.9963898
6,6,0.9614492
9,9,0.9999542
1,1,0.99113536
3,3,0.9996444
7,7,0.99728084
5,5,0.9994717
0,0,0.7912396
5,5,0.9980792
7,7,0.96119374
5,5,0.9999225
9,9,0.99599236
2,2,0.99999
3,3,0.9999751
2,2,0.99997103
9,9,0.99993575
6,6,0.99755293
2,2,0.9999877
7,7,0.99990904
9,9,0.9999689
1,1,0.9829858
9,9,0.9999746
6,6,0.99947804
0,0,0.98226583
0,0,0.97246855
5,5,0.9999162
9,9,0.9999776
5,5,0.9998338
5,5,0.9999813
3,3,0.9999883
9,9,0.9998574
6,6,0.9984687
7,7,0.9942676
2,2,0.9995821
5,5,0.9582241
4,4,0.96591973
9,9,0.99999106
6,6,0.99994135
2,2,0.9849879
9,9,0.99932694
7,7,0.989776
9,9,0.99999964
9,9,0.99991333
9,9,0.99999833
7,7,0.99842536
9,9,0.9958617
6,6,0.77215487
5,5,0.97319114
2,2,0.9999999
9,9,0.9352326
3,3,0.9999869
5,5,0.9999951
9,9,0.99949133
2,2,0.99998724
0,0,0.5911326
9,9,0.9999924
9,9,0.99997723
3,3,0.9947049
3,3,0.9922557
0,0,0.9758548
2,2,0.9999987
9,9,0.9982309
0,0,0.9997243
3,3,0.9978035
9,9,0.9999956
2,2,0.64826584
0,0,0.99635315
9,9,0.9999447
7,7,0.8861879
3,3,0.99964035
9,9,1.0
7,7,0.8135428
2,2,0.9999999
3,3,0.9861835
9,9,0.9999844
6,6,0.5867036
2,2,0.9999994
9,9,0.99999595
3,3,0.9981431
6,6,0.7855901
0,0,0.91711664
1,1,0.80753493
2,2,0.99999404
0,0,0.88553226
5,5,0.99968946
7,7,0.99991465
9,9,0.9999633
3,3,0.9892592
9,9,0.89828485
7,7,0.9328554
0,0,0.98460454
9,9,0.99993324
2,2,1.0
0,0,0.8373991
5,5,0.9804366
4,4,0.99792945
9,9,0.999746
5,5,0.984853
7,7,0.7039272
0,0,0.99720424
7,7,0.9905758
4,4,0.9896338
5,5,0.988112
9,9,0.99894434
1,1,0.98231584
6,6,0.89448667
2,2,0.9999995
9,9,0.9997155
9,9,0.9999981
7,7,0.9991159
0,0,0.9905184
3,3,0.9985568
3,3,0.82174015
3,3,0.99533564
9,9,0.99998796
7,7,0.9776127
9,9,0.9995191
3,3,0.9761268
2,2,0.60861546
9,9,0.99999964
9,9,0.9995851
9,9,0.99999416
0,0,0.48935503
8,8,0.5291851
6,6,0.97778136
7,7,0.9068757
9,9,0.96227694
6,6,0.85326916
2,2,0.9999784
6,6,0.9163637
9,9,0.99997103
7,7,0.92371637
9,9,0.9999976
5,5,0.9999989
2,2,0.99999857
2,2,1.0
9,9,0.9999726
3,3,0.99912935
9,9,0.99999535
5,5,0.999997
9,9,0.99998546
5,5,0.9999999
1,1,0.9161855
0,0,0.9511194
9,9,0.99997175
0,0,0.9908873
2,2,0.99999976
3,3,0.9891917
9,9,0.99988043
6,6,0.99218315
9,9,0.9999887
5,5,0.9999958
9,9,0.9999237
